kmer_id	seq	female	male	CQ	sum	hits_X	hits_A	hits_Y	hits_GA	hits_sum	perchitsX	hits_threshold	sum_offtargets	offtargets	degen_targets	candidate	log10sum	label	selection	Hsu2013	otCount.x	otCount.y	targetable	Contig	total_sum	total_hits_sum	max.pt	Unique_bin_Occurence	hits2genome	hits_sum_lab2	log10sum_lab2	max.pt_lab2	unique_lab2	target_lab2	labs2	hits_sum_lab	log10sum_lab	max.pt_lab	unique_lab	labs
kmer_107424363.0	AATGCAATTCAAATGCAATTCAAAT	18217.9	10995.9	1.65679	29213.8	83	0	0	0	83	1	pass	88	0	88	X	4.46559	pass	goodKmers	NA	NA	0	CPF1	NA	NA	NA	43	7	0	0	1	1	0	10	12	0	0.01	0.001	0	sum&max.pt
kmer_114612537.0	AATTCAATTCAAATTCAATTCAAAT	488136	271625	1.7971	759761	16017	31	0	0	16048	0.998068	pass	365	31	334	X	5.88068	offtargets	goodKmers	NA	NA	0	CPF1	NA	NA	NA	594	126	16	1	1	1	1	10	14	0.1	0.01	0.001	1e-04	hits_sum&sum&max.pt&Unique_bin_Occurence
kmer_13356329.0	AAAACATATATTATTTACTGAAAAT	12500.4	6444.3	1.93976	18944.7	266	1	0	0	267	0.996255	pass	46	1	45	X	4.27749	offtargets	goodKmers	NA	NA	0	CPF1	NA	NA	NA	5	170	10	1	1	0	1	10	13	0.1	0.01	0	1e-04	hits_sum&sum&Unique_bin_Occurence
kmer_147520921.0	ACCTATGGAAATGGCTTTATCTTCA	4873.98	2678.63	1.81958	7552.61	160	0	0	0	160	1	pass	38	0	38	X	3.8781	pass	goodKmers	76.2709230131792	7	NA	Cas9	Contig_130	189404.11	2342	4	108	7	1	0	0	1	10	12	0.1	0	0	1e-04	hits_sum&Unique_bin_Occurence
kmer_180252856.0	AGATAAAGCCATTTCCATAGGTTGG	5298.29	2897.81	1.82838	8196.1	178	0	0	0	178	1	pass	42	0	42	X	3.91361	pass	goodKmers	71.9452816559374	12	NA	Cas9	Contig_130	189404.11	2342	5	118	7	1	0	0	1	10	12	0.1	0	0	1e-04	hits_sum&Unique_bin_Occurence
kmer_216199656.0	ATAAAGCCATTTCCATAGGTTGGAG	5292.21	2886.95	1.83315	8179.16	179	0	0	0	179	1	pass	27	0	27	X	3.91271	pass	goodKmers	71.9452816559374	12	NA	Cas9	Contig_130	189404.11	2342	5	118	7	1	0	0	1	10	12	0.1	0	0	1e-04	hits_sum&Unique_bin_Occurence
kmer_276121958.0	ATTTACTGAAAATTCATAATATTAG	13198.1	6767.16	1.95032	19965.3	271	1	0	0	272	0.996324	pass	32	1	31	X	4.30028	offtargets	goodKmers	NA	NA	0	CPF1	NA	NA	NA	5	171	9	1	1	0	1	10	13	0.1	0.01	0	1e-04	hits_sum&sum&Unique_bin_Occurence
kmer_276420009.0	ATTTAGTATCAGTTAAAATAACCTA	7688.19	4157.65	1.84917	11845.8	270	1	0	0	271	0.99631	pass	17	1	16	X	4.07356	offtargets	goodKmers	NA	NA	0	CPF1	NA	NA	NA	5	163	8	1	1	0	1	10	13	0.1	0.01	0	1e-04	hits_sum&sum&Unique_bin_Occurence
kmer_279591799.0	ATTTGAGTTTGAATTTGAATTTGAG	97377.3	52964.3	1.83855	150342	549	2	0	0	551	0.99637	pass	5763	2	5761	X	5.17708	offtargets	goodKmers	NA	NA	0	CPF1	NA	NA	NA	123	13	0	1	1	1	0	10	13	0.1	0.01	0.001	0	hits_sum&sum&max.pt
kmer_299807662.0	CAATTCAATTCAAATTCAATTCAAA	2979.28	1526.41	1.95182	4505.69	1747	6	0	0	1753	0.996577	pass	219	6	213	X	3.65376	offtargets	goodKmers	NA	NA	0	CPF1	NA	NA	NA	59	126	3	1	0	1	1	10	13	0.1	0	0.001	1e-04	hits_sum&max.pt&Unique_bin_Occurence
kmer_343044347.0	CCGGAATCATATTACTGCTTTAGAA	14257.4	7720.92	1.84659	21978.3	527	2	0	0	529	0.996219	pass	25	2	23	X	4.34199	offtargets	goodKmers	73.7813356322316	6	NA	Cas9	NA	NA	NA	13	165	0	1	1	1	1	10	14	0.1	0.01	0.001	1e-04	hits_sum&sum&max.pt&Unique_bin_Occurence
kmer_345834679.0	CCTATGGAAATGGCTTTATCTTCAA	4876.01	2651.97	1.83864	7527.98	153	0	0	0	153	1	pass	37	0	37	X	3.87668	pass	goodKmers	76.2709230131792	7	NA	Cas9	Contig_130	189404.11	2342	4	101	6	1	0	0	1	10	12	0.1	0	0	1e-04	hits_sum&Unique_bin_Occurence
kmer_371949888.0	CTAAAGCAGTAATATGATTCCGGAA	13858.4	7458.29	1.85812	21316.7	502	2	0	0	504	0.996032	pass	25	2	23	X	4.32872	offtargets	goodKmers	73.7813356322316	6	NA	Cas9	NA	NA	NA	13	163	0	1	1	1	1	10	14	0.1	0.01	0.001	1e-04	hits_sum&sum&max.pt&Unique_bin_Occurence
kmer_396154745.0	CTTTAATTATCTAAATTCGTATTTA	2515.47	1375.35	1.82897	3890.82	156	0	0	0	156	1	pass	53	0	53	X	3.59004	pass	goodKmers	NA	NA	0	CPF1	NA	NA	NA	4	108	4	1	0	0	1	10	12	0.1	0	0	1e-04	hits_sum&Unique_bin_Occurence
kmer_396342775.0	CTTTAGAATAACAGCAATACAGAAA	16876.1	9167.36	1.84089	26043.5	589	1	0	0	590	0.998305	pass	49	1	48	X	4.4157	offtargets	goodKmers	NA	NA	0	CPF1	NA	NA	NA	13	164	0	1	1	1	1	10	14	0.1	0.01	0.001	1e-04	hits_sum&sum&max.pt&Unique_bin_Occurence
kmer_396342775.0	CTTTAGAATAACAGCAATACAGAAA	16876.1	9167.36	1.84089	26043.5	589	1	0	0	590	0.998305	pass	49	1	48	X	4.4157	offtargets	goodKmers	NA	NA	1	CPF1	NA	NA	NA	13	164	0	1	1	1	1	10	14	0.1	0.01	0.001	1e-04	hits_sum&sum&max.pt&Unique_bin_Occurence
kmer_419469303.0	GATAAAGCCATTTCCATAGGTTGGA	5308.42	2880.04	1.84318	8188.46	178	0	0	0	178	1	pass	40	0	40	X	3.9132	pass	goodKmers	71.9452816559374	12	NA	Cas9	Contig_130	189404.11	2342	5	118	7	1	0	0	1	10	12	0.1	0	0	1e-04	hits_sum&Unique_bin_Occurence
kmer_474664482.0	GTTTCTGTATTGCTGTTATTCTAAA	16914.6	9188.09	1.84093	26102.7	629	2	0	0	631	0.99683	pass	49	2	47	X	4.41669	offtargets	goodKmers	NA	NA	1	CPF1	NA	NA	NA	13	179	0	1	1	1	1	10	14	0.1	0.01	0.001	1e-04	hits_sum&sum&max.pt&Unique_bin_Occurence
kmer_474664482.0	GTTTCTGTATTGCTGTTATTCTAAA	16914.6	9188.09	1.84093	26102.7	629	2	0	0	631	0.99683	pass	49	2	47	X	4.41669	offtargets	goodKmers	NA	NA	0	CPF1	NA	NA	NA	13	179	0	1	1	1	1	10	14	0.1	0.01	0.001	1e-04	hits_sum&sum&max.pt&Unique_bin_Occurence
kmer_48023078.0	AAATGCAATTCAAATGCAATTCAAA	18290.8	11020.6	1.65969	29311.4	78	0	0	0	78	1	pass	102	0	102	X	4.46704	pass	goodKmers	NA	NA	0	CPF1	NA	NA	NA	40	7	0	0	1	1	0	10	12	0	0.01	0.001	0	sum&max.pt
kmer_506374763.0	TCCGGAATCATATTACTGCTTTAGA	14172.3	7662.67	1.84953	21835	522	2	0	0	524	0.996183	pass	30	2	28	X	4.33915	offtargets	goodKmers	73.7813356322316	6	NA	Cas9	NA	NA	NA	13	164	0	1	1	1	1	10	14	0.1	0.01	0.001	1e-04	hits_sum&sum&max.pt&Unique_bin_Occurence
kmer_51582874.0	AAATTCAATTCAAATTCAATTCAAA	485348	269938	1.798	755286	15393	32	0	0	15425	0.997925	pass	350	32	318	X	5.87811	offtargets	goodKmers	NA	NA	0	CPF1	NA	NA	NA	605	84	13	1	1	1	0	10	13	0.1	0.01	0.001	0	hits_sum&sum&max.pt
kmer_523833164.0	TTAGGTTATTTTAACTGATACTAAA	7820.85	4224.78	1.85119	12045.6	267	1	0	0	268	0.996269	pass	15	1	14	X	4.08083	offtargets	goodKmers	NA	NA	0	CPF1	NA	NA	NA	5	165	8	1	1	0	1	10	13	0.1	0.01	0	1e-04	hits_sum&sum&Unique_bin_Occurence
kmer_64169578.0	AACCTATGGAAATGGCTTTATCTTC	4898.29	2692.45	1.81927	7590.74	158	0	0	0	158	1	pass	34	0	34	X	3.88028	pass	goodKmers	76.2709230131792	7	NA	Cas9	Contig_130	189404.11	2342	4	108	7	1	0	0	1	10	12	0.1	0	0	1e-04	hits_sum&Unique_bin_Occurence
kmer_7321873.0	AAAAACATATATTATTTACTGAAAA	12480.1	6433.44	1.93988	18913.5	233	1	0	0	234	0.995726	pass	62	1	61	X	4.27677	offtargets	goodKmers	NA	NA	1	CPF1	NA	NA	NA	4	161	8	1	1	0	1	10	13	0.1	0.01	0	1e-04	hits_sum&sum&Unique_bin_Occurence
kmer_7321873.0	AAAAACATATATTATTTACTGAAAA	12480.1	6433.44	1.93988	18913.5	233	1	0	0	234	0.995726	pass	62	1	61	X	4.27677	offtargets	goodKmers	NA	NA	0	CPF1	NA	NA	NA	4	161	8	1	1	0	1	10	13	0.1	0.01	0	1e-04	hits_sum&sum&Unique_bin_Occurence
kmer_82843803.0	AAGGAGAGGAAGCGAACATCGTTGG	7725.66	4024.36	1.91972	11750	128	0	0	0	128	1	pass	58	0	58	X	4.07004	pass	goodKmers	65.8444040994261	7	NA	Cas9	NA	NA	NA	3	109	7	0	1	0	1	10	12	0	0.01	0	1e-04	0.0101
kmer_97283739.0	AATAGGCGATTTAGTATCAGTTAAA	1666.85	843.18	1.97686	2510.03	206	1	0	0	207	0.995169	pass	14	1	13	X	3.39968	offtargets	goodKmers	NA	NA	0	CPF1	NA	NA	NA	5	133	4	1	0	0	1	10	12	0.1	0	0	1e-04	hits_sum&Unique_bin_Occurence
